{
  "train_loss": [
    1.113770660516378,
    0.9053250744536117,
    0.7656312117705474,
    0.6673687777003726,
    0.6290194625790054,
    0.5906682513855599,
    0.5475953164938334,
    0.5244114584213978,
    0.5112447279530603,
    0.5045120434181111,
    0.5032798937849097,
    0.49351096797633814,
    0.4952967102463181,
    0.47606572992092855,
    0.45251599638848694,
    0.42659572975055593,
    0.4553224166502824,
    0.41924927121884115,
    0.4297846519463771,
    0.42017544081082214,
    0.44203527030107137,
    0.41664532914354996,
    0.4400824388942203,
    0.4203590782913002,
    0.41078202426433563,
    0.3817967679854986,
    0.3935977256781346,
    0.3613434333253551,
    0.3639298439831347,
    0.3496497382183333
  ],
  "val_loss": [
    0.9126657247543335,
    0.7584594488143921,
    0.6557030603289604,
    0.6295659691095352,
    0.5546799637377262,
    0.5351671539247036,
    0.5668376311659813,
    0.4649490471929312,
    0.4710756912827492,
    0.44923964887857437,
    0.4204713422805071,
    0.42079085297882557,
    0.43699690140783787,
    0.41228231601417065,
    0.3895154446363449,
    0.39911381900310516,
    0.3619101606309414,
    0.3726593591272831,
    0.3954742830246687,
    0.3939044727012515,
    0.34613974299281836,
    0.3646134175360203,
    0.44322220608592033,
    0.39673643931746483,
    0.3849929077550769,
    0.36756374314427376,
    0.3520507328212261,
    0.34052338264882565,
    0.3300857534632087,
    0.35952282790094614
  ],
  "train_acc": [
    59.69865128800676,
    69.92577910423279,
    75.20894923725643,
    78.44595699696927,
    76.94315862011265,
    78.95462448532517,
    78.94446575963819,
    80.22213497677365,
    80.19690988837061,
    80.88179585095999,
    79.3975830078125,
    79.18988482372181,
    81.14867339263091,
    79.74981359533362,
    82.37831189825728,
    82.37011883709881,
    81.2500275470115,
    83.48862931535051,
    83.08905524176521,
    82.58282091166522,
    82.04755348128242,
    82.64353984111064,
    82.0876662795608,
    82.27170657467198,
    83.39337867659492,
    84.00643838418496,
    83.16725991867683,
    85.26790029293782,
    85.02800738489306,
    86.1590960541287
  ],
  "val_acc": [
    68.45296248793602,
    74.74295273423195,
    76.93017348647118,
    76.42466202378273,
    78.01844254136086,
    79.7894798219204,
    75.23727416992188,
    82.19470977783203,
    79.95713576674461,
    84.04483795166016,
    83.70335921645164,
    82.8966774046421,
    82.73353576660156,
    82.59131088852882,
    85.09248122572899,
    83.12403336167336,
    85.0778579711914,
    84.11375656723976,
    81.73185959458351,
    81.72238692641258,
    85.86095198988914,
    83.74525681138039,
    77.41883620619774,
    79.26851883530617,
    83.31890106201172,
    83.87870788574219,
    82.93647766113281,
    84.991455078125,
    84.74057540297508,
    83.88481140136719
  ]
}