{
  "train_loss": [
    0.011593954499305156,
    0.00854494503791274,
    0.00615332649849242,
    0.005257809873099276,
    0.004099503569533054,
    0.004015437907828773,
    0.0038587043090956286,
    0.0035204052196727512,
    0.0030728740435930573,
    0.0032126021003539397,
    0.0030747551806868884,
    0.002980466150187862,
    0.002871913240744254,
    0.0027668874245136976,
    0.0028321391047840634,
    0.0027608476729427994,
    0.002544451772779654,
    0.002912160615999931,
    0.0027673169006939627,
    0.0022195573248019493,
    0.002262349064285691,
    0.0019584608050314963,
    0.0022326527301826187,
    0.002127889362069451,
    0.0021939429441133413,
    0.0023764618078555054,
    0.002318344233916267,
    0.00237105657131021,
    0.0020253052758021483,
    0.0019974517946704166,
    0.0020742293854709715,
    0.0021366861568625412,
    0.0020090858629004827,
    0.002051610140148802,
    0.002368378042749985,
    0.0020362899329582533,
    0.002000811558556617,
    0.002063531230354833,
    0.002130045138245977,
    0.0020098261620906006
  ],
  "val_loss": [
    0.00808670697188063,
    0.004689405842327687,
    0.003435579985307413,
    0.002645609126375348,
    0.002388601938946522,
    0.0023326827249547932,
    0.002227989151379006,
    0.0023268543463927926,
    0.002247305106720887,
    0.002262820436953916,
    0.002227193168437225,
    0.0022028894381946884,
    0.002062887315332773,
    0.0019905352310161106,
    0.0019062828996538883,
    0.0017954766344701056,
    0.0018753596250462579,
    0.0017950042347365525,
    0.002121837820595829,
    0.0017800325931602856,
    0.001664462237386033,
    0.0017190824673889438,
    0.0017000977240968496,
    0.001692690115305595,
    0.001909115389935323,
    0.001872036558779655,
    0.0017883364271256141,
    0.0017612518677196931,
    0.0016434832632512553,
    0.0015996017664292594,
    0.001575106029122253,
    0.0015869277594902087,
    0.0017462821360823,
    0.00176062242462649,
    0.0015245439317368437,
    0.0016050951344368514,
    0.0015711325613665394,
    0.0015343868308264064,
    0.0017550619268149603,
    0.0015521896166319493
  ],
  "train_acc": [
    10.567178531568878,
    6.58224715667517,
    6.109370017538265,
    4.601843178677721,
    4.526026719281463,
    4.60923383025085,
    4.320915377869898,
    4.384940011160714,
    4.144868396577381,
    3.7322375239158165,
    4.358325361394558,
    3.8493253746811225,
    3.7499252630739797,
    3.9558254942602042,
    4.000833731930272,
    3.797009526466837,
    3.4831559576955784,
    3.6136964551445576,
    3.515085233312075,
    3.6265262941113945,
    3.956988068664966,
    4.109949643920068,
    4.215619353210034,
    4.293844002444728,
    4.038741961628402,
    3.865933580463435,
    3.6501514668367347,
    3.380434204931973,
    4.0328460485756805,
    4.626838528380102,
    4.069301060267857,
    4.094213368941326,
    4.247050382653061,
    3.807970942283163,
    3.7113527051445576,
    4.179579546662415,
    4.38469088807398,
    3.9134330490008504,
    4.072456619366497,
    4.282591943027211
  ],
  "val_acc": [
    7.645145539314516,
    4.530186806955645,
    3.6174158896169355,
    3.357327368951613,
    2.8257308467741935,
    2.990328881048387,
    3.076959425403226,
    2.694800592237903,
    2.547331779233871,
    2.5248865927419355,
    2.451053742439516,
    2.5489068800403225,
    2.747960244455645,
    2.7759182837701615,
    2.3508379536290325,
    2.8658959173387095,
    2.8318343623991935,
    2.971033896169355,
    1.9716324344758065,
    2.6839717741935485,
    2.687712638608871,
    2.8235650831653225,
    2.855657762096774,
    2.9873755670362905,
    2.5985225554435485,
    2.248259513608871,
    2.549497542842742,
    2.352413054435484,
    2.587890625,
    2.8210055443548385,
    2.8635332661290325,
    2.7694209929435485,
    2.336268271169355,
    2.3754489037298385,
    2.699132119455645,
    2.79541015625,
    3.06396484375,
    2.7568201864919355,
    2.8597924017137095,
    2.9115738407258065
  ],
  "class_acc": [
    {
      "0": 3.663981186327016,
      "1": 59.57213785046729,
      "2": 12.81525060427783,
      "3": 76.26016260162602
    },
    {
      "0": 0.8095483064938406,
      "1": 59.86784462616822,
      "2": 4.4032471382314045,
      "3": 93.82113821138212
    },
    {
      "0": 0.25032841250447835,
      "1": 55.53446261682243,
      "2": 1.9792949331873946,
      "3": 97.8048780487805
    },
    {
      "0": 0.13297261544962657,
      "1": 54.986857476635514,
      "2": 0.424134628540156,
      "3": 99.59349593495935
    },
    {
      "0": 0.017454091147101242,
      "1": 47.345940420560744,
      "2": 0.18698408354996124,
      "3": 99.59349593495935
    },
    {
      "0": 0.016305795676897213,
      "1": 50.25554906542056,
      "2": 0.28731700643042823,
      "3": 99.59349593495935
    },
    {
      "0": 0.005741477351020145,
      "1": 52.332797897196265,
      "2": 0.09577233547680941,
      "3": 99.67479674796748
    },
    {
      "0": 0.002296590940408058,
      "1": 45.352657710280376,
      "2": 0.06156792994937748,
      "3": 99.7560975609756
    },
    {
      "0": 0.00022965909404080583,
      "1": 42.738755841121495,
      "2": 0.006840881105486387,
      "3": 99.7560975609756
    },
    {
      "0": 0.001377954564244835,
      "1": 42.227657710280376,
      "2": 0.0524467551420623,
      "3": 99.83739837398375
    },
    {
      "0": 0.00022965909404080583,
      "1": 40.94626168224299,
      "2": 0.006840881105486387,
      "3": 99.91869918699187
    },
    {
      "0": 0.00045931818808161166,
      "1": 42.753358644859816,
      "2": 0.011401468509143978,
      "3": 99.83739837398375
    },
    {
      "0": 0.0,
      "1": 46.46247079439252,
      "2": 0.0022802937018287957,
      "3": 99.91869918699187
    },
    {
      "0": 0.0,
      "1": 46.98087032710281,
      "2": 0.0022802937018287957,
      "3": 99.91869918699187
    },
    {
      "0": 0.0,
      "1": 39.0990070093458,
      "2": 0.0,
      "3": 100.0
    },
    {
      "0": 0.0,
      "1": 48.652891355140184,
      "2": 0.0,
      "3": 99.91869918699187
    },
    {
      "0": 0.0,
      "1": 48.0286214953271,
      "2": 0.0,
      "3": 99.7560975609756
    },
    {
      "0": 0.0,
      "1": 50.606016355140184,
      "2": 0.0022802937018287957,
      "3": 99.7560975609756
    },
    {
      "0": 0.0,
      "1": 32.0677570093458,
      "2": 0.0,
      "3": 100.0
    },
    {
      "0": 0.0,
      "1": 45.27964369158879,
      "2": 0.0,
      "3": 99.91869918699187
    },
    {
      "0": 0.0,
      "1": 45.34535630841121,
      "2": 0.0,
      "3": 100.0
    },
    {
      "0": 0.0,
      "1": 47.867990654205606,
      "2": 0.0,
      "3": 99.91869918699187
    },
    {
      "0": 0.0,
      "1": 48.45940420560748,
      "2": 0.0,
      "3": 100.0
    },
    {
      "0": 0.0,
      "1": 50.90172313084112,
      "2": 0.0,
      "3": 100.0
    },
    {
      "0": 0.0,
      "1": 43.691588785046726,
      "2": 0.0,
      "3": 100.0
    },
    {
      "0": 0.0,
      "1": 37.19699182242991,
      "2": 0.0,
      "3": 100.0
    },
    {
      "0": 0.0,
      "1": 42.78256425233645,
      "2": 0.0,
      "3": 100.0
    },
    {
      "0": 0.0,
      "1": 39.12821261682243,
      "2": 0.0,
      "3": 100.0
    },
    {
      "0": 0.0,
      "1": 43.49445093457944,
      "2": 0.0,
      "3": 100.0
    },
    {
      "0": 0.0,
      "1": 47.816880841121495,
      "2": 0.0,
      "3": 100.0
    },
    {
      "0": 0.0,
      "1": 48.60543224299065,
      "2": 0.0,
      "3": 100.0
    },
    {
      "0": 0.0,
      "1": 46.86039719626168,
      "2": 0.0,
      "3": 100.0
    },
    {
      "0": 0.0,
      "1": 38.82885514018692,
      "2": 0.0,
      "3": 100.0
    },
    {
      "0": 0.0,
      "1": 39.55534462616822,
      "2": 0.0,
      "3": 100.0
    },
    {
      "0": 0.0,
      "1": 45.557096962616825,
      "2": 0.0,
      "3": 100.0
    },
    {
      "0": 0.0,